20210706_132643891833-5.jpg,Acehasan_200mg
20210712_152919300777-3.jpg,Acehasan_200mg
20210712_152919389480-4.jpg,Acehasan_200mg
20210712_152919308069-2.jpg,Acehasan_200mg
20210712_152919192735-3.jpg,Acehasan_200mg
20210706_132643955085-5.jpg,Acehasan_200mg
20210625_120822083122-5.jpg,Acehasan_200mg
20210708_131821077158-5.jpg,Acehasan_200mg
20210625_120822115958-2.jpg,Acehasan_200mg
20210712_152919510953-10.jpg,Acehasan_200mg
20210706_132643949384-6.jpg,Acehasan_200mg
20210625_120822045155-2.jpg,Acehasan_200mg
20210712_152919200151-0.jpg,Acehasan_200mg
20210712_152919207211-4.jpg,Acehasan_200mg
20210708_131820964119-2.jpg,Acehasan_200mg
20210708_131821103515-5.jpg,Acehasan_200mg
20210625_120822054297-0.jpg,Acehasan_200mg
20210712_152919249768-1.jpg,Acehasan_200mg
20210712_152919235671-2.jpg,Acehasan_200mg
20210625_120822114002-4.jpg,Acehasan_200mg
20210708_131821113096-6.jpg,Acehasan_200mg
20210708_131820877923-4.jpg,Acehasan_200mg
20210712_152919185515-4.jpg,Acehasan_200mg
20210708_131820952518-4.jpg,Acehasan_200mg
20210712_152919221484-3.jpg,Acehasan_200mg
20210712_152919360763-7.jpg,Acehasan_200mg
20210712_152919475953-7.jpg,Acehasan_200mg
20210708_131820886425-7.jpg,Acehasan_200mg
20210708_131820989637-3.jpg,Acehasan_200mg
20210708_131820890707-7.jpg,Acehasan_200mg
20210625_120822047408-5.jpg,Acehasan_200mg
20210708_131821070771-4.jpg,Acehasan_200mg
20210708_131820907771-3.jpg,Acehasan_200mg
20210625_120822071064-0.jpg,Acehasan_200mg
20210712_152919519404-6.jpg,Acehasan_200mg
20210706_132643854827-5.jpg,Acehasan_200mg
20210708_131821008059-3.jpg,Acehasan_200mg
20210712_152919425731-3.jpg,Acehasan_200mg
20210706_132643809115-4.jpg,Acehasan_200mg
20210708_131821083857-4.jpg,Acehasan_200mg
20210712_152919221484-2.jpg,Acehasan_200mg
20210625_120822049738-3.jpg,Acehasan_200mg
20210712_152919293582-3.jpg,Acehasan_200mg
20210625_120822042758-2.jpg,Acehasan_200mg
20210712_152919475953-8.jpg,Acehasan_200mg
20210708_131821021390-3.jpg,Acehasan_200mg
20210708_131820865477-8.jpg,Acehasan_200mg
20210712_152919466796-10.jpg,Acehasan_200mg
20210712_152919228492-0.jpg,Acehasan_200mg
20210712_152919382311-3.jpg,Acehasan_200mg
20210625_120822066841-1.jpg,Acehasan_200mg
20210712_152919171180-3.jpg,Acehasan_200mg
20210708_131821151636-5.jpg,Acehasan_200mg
20210706_132643844685-4.jpg,Acehasan_200mg
20210625_120822069121-3.jpg,Acehasan_200mg
20210708_131821014445-4.jpg,Acehasan_200mg
20210708_131820941048-5.jpg,Acehasan_200mg
20210712_152919370019-5.jpg,Acehasan_200mg
20210625_120822064905-0.jpg,Acehasan_200mg
20210712_152919510953-9.jpg,Acehasan_200mg
20210708_131821157705-0.jpg,Acehasan_200mg
20210708_131821063602-4.jpg,Acehasan_200mg
20210708_131821097147-6.jpg,Acehasan_200mg
20210625_120822126370-0.jpg,Acehasan_200mg
20210708_131820899043-7.jpg,Acehasan_200mg
20210712_152919449019-1.jpg,Acehasan_200mg
20210708_131820929428-6.jpg,Acehasan_200mg
20210706_132643809115-3.jpg,Acehasan_200mg
20210712_152919502373-8.jpg,Acehasan_200mg
20210708_131820873270-5.jpg,Acehasan_200mg
20210625_120822095802-4.jpg,Acehasan_200mg
20210706_132643923302-8.jpg,Acehasan_200mg
20210625_120822102035-3.jpg,Acehasan_200mg
20210712_152919228492-1.jpg,Acehasan_200mg
20210708_131821145646-4.jpg,Acehasan_200mg
20210712_152919485297-10.jpg,Acehasan_200mg
20210324_225246946198-0.jpg,Acehasan_200mg
20210625_120822081216-6.jpg,Acehasan_200mg
20210708_131820976516-6.jpg,Acehasan_200mg
20210706_132643849684-6.jpg,Acehasan_200mg
20210625_120822079251-4.jpg,Acehasan_200mg
20210706_132643885960-4.jpg,Acehasan_200mg
20210708_131821108347-4.jpg,Acehasan_200mg
20210712_152919449019-2.jpg,Acehasan_200mg
20210712_152919330364-7.jpg,Acehasan_200mg
20210712_152919418250-3.jpg,Acehasan_200mg
20210706_132643936978-8.jpg,Acehasan_200mg
20210706_132643936978-9.jpg,Acehasan_200mg
20210708_131821028894-5.jpg,Acehasan_200mg
20210708_131820935203-2.jpg,Acehasan_200mg
20210706_132643779225-6.jpg,Acehasan_200mg
20210712_152919439937-6.jpg,Acehasan_200mg
20210708_131820912206-7.jpg,Acehasan_200mg
20210625_120822091591-5.jpg,Acehasan_200mg
20210625_120822085341-0.jpg,Acehasan_200mg
20210712_152919171180-4.jpg,Acehasan_200mg
20210708_131821122560-3.jpg,Acehasan_200mg
20210706_132643799043-4.jpg,Acehasan_200mg
20210706_132643874956-1.jpg,Acehasan_200mg
20210712_152919214271-6.jpg,Acehasan_200mg
20210712_152919466796-9.jpg,Acehasan_200mg
20210625_120822095802-3.jpg,Acehasan_200mg
20210706_132643860110-5.jpg,Acehasan_200mg
20210625_120822097883-4.jpg,Acehasan_200mg
20210706_132643949384-5.jpg,Acehasan_200mg
20210706_132643774315-6.jpg,Acehasan_200mg
20210712_152919164196-4.jpg,Acehasan_200mg
20210706_132643874956-0.jpg,Acehasan_200mg
20210712_152919263933-0.jpg,Acehasan_200mg
20210712_152919235671-3.jpg,Acehasan_200mg
20210712_152919242678-3.jpg,Acehasan_200mg
20210712_152919257103-1.jpg,Acehasan_200mg
20210706_132643794119-5.jpg,Acehasan_200mg
20210712_152919315436-1.jpg,Acehasan_200mg
20210712_152919200151-1.jpg,Acehasan_200mg
20210706_132643799043-5.jpg,Acehasan_200mg
20210712_152919192735-4.jpg,Acehasan_200mg
20210712_152919457804-1.jpg,Acehasan_200mg
20210625_120822120138-0.jpg,Acehasan_200mg
20210712_152919271908-0.jpg,Acehasan_200mg
20210708_131821182051-6.jpg,Acehasan_200mg
20210708_131821134024-3.jpg,Acehasan_200mg
20210708_131821055614-1.jpg,Acehasan_200mg
20210625_120822093593-2.jpg,Acehasan_200mg
20210712_152919432802-4.jpg,Acehasan_200mg
20210712_152919345490-7.jpg,Acehasan_200mg
20210712_152919178383-3.jpg,Acehasan_200mg
20210712_152919242678-2.jpg,Acehasan_200mg
20210625_120822102035-5.jpg,Acehasan_200mg
20210712_152919493626-8.jpg,Acehasan_200mg
20210708_131821193919-3.jpg,Acehasan_200mg
20210324_213638833284-4.jpg,Acehasan_200mg
20210712_152919485297-9.jpg,Acehasan_200mg
20210708_131821128401-6.jpg,Acehasan_200mg
20210708_131820983056-4.jpg,Acehasan_200mg
20210712_152919502373-9.jpg,Acehasan_200mg
20210625_120822110168-5.jpg,Acehasan_200mg
20210625_120822106043-4.jpg,Acehasan_200mg
20210708_131820923611-6.jpg,Acehasan_200mg
20210708_131820882236-4.jpg,Acehasan_200mg
20210625_120822058595-4.jpg,Acehasan_200mg
20210625_120822110168-4.jpg,Acehasan_200mg
20210712_152919376794-2.jpg,Acehasan_200mg
20210706_132643803945-3.jpg,Acehasan_200mg
20210712_152919323096-6.jpg,Acehasan_200mg
20210712_152919493626-7.jpg,Acehasan_200mg
20210712_152919185515-3.jpg,Acehasan_200mg
20210712_152919214271-5.jpg,Acehasan_200mg
20210712_152919396673-6.jpg,Acehasan_200mg
20210706_132643930317-8.jpg,Acehasan_200mg
20210324_225246946198-1.jpg,Acehasan_200mg
20210625_120822110168-3.jpg,Acehasan_200mg
20210706_132643803945-2.jpg,Acehasan_200mg
20210706_132643961371-3.jpg,Acehasan_200mg
20210706_132643916559-9.jpg,Acehasan_200mg
20210712_152919164196-5.jpg,Acehasan_200mg
20210706_132643930317-9.jpg,Acehasan_200mg
20210712_152919439937-8.jpg,Acehasan_200mg
20210712_152919352844-2.jpg,Acehasan_200mg
20210625_120822115958-3.jpg,Acehasan_200mg
20210712_152919178383-4.jpg,Acehasan_200mg
20210712_152919157018-5.jpg,Acehasan_200mg
20210712_152919146067-7.jpg,Acehasan_200mg
20210706_132643897382-4.jpg,Acehasan_200mg
20210706_132643943495-4.jpg,Acehasan_200mg
20210708_131820903516-6.jpg,Acehasan_200mg
20210625_120822121999-6.jpg,Acehasan_200mg
20210625_120822136085-0.jpg,Acehasan_200mg
20210625_120822126370-3.jpg,Acehasan_200mg
20210708_131820958303-5.jpg,Acehasan_200mg
20210625_120822114002-2.jpg,Acehasan_200mg
20210712_152919279265-5.jpg,Acehasan_200mg
20210625_120822056554-2.jpg,Acehasan_200mg
20210712_152919286211-3.jpg,Acehasan_200mg
20210625_120822040088-0.jpg,Acehasan_200mg
20210708_131821187895-1.jpg,Acehasan_200mg
20210708_131821036886-5.jpg,Acehasan_200mg
20210708_131820969853-2.jpg,Acehasan_200mg
20210708_131820917801-5.jpg,Acehasan_200mg
20210712_152919286211-2.jpg,Acehasan_200mg
20210712_152919146067-6.jpg,Acehasan_200mg
20210712_152919293582-4.jpg,Acehasan_200mg
20210712_152919157018-4.jpg,Acehasan_200mg
20210706_132643794119-4.jpg,Acehasan_200mg
20210712_152919410805-1.jpg,Acehasan_200mg
20210712_152919338030-8.jpg,Acehasan_200mg
20210712_152919207211-5.jpg,Acehasan_200mg
20210625_120822130582-4.jpg,Acehasan_200mg
20210712_152919457804-7.jpg,Acehasan_200mg
20210712_152919403639-1.jpg,Acehasan_200mg
20210712_152919519404-9.jpg,Acehasan_200mg
20210708_131821001940-1.jpg,Acehasan_200mg
20210706_132643943495-2.jpg,Acehasan_200mg
